year,total_revenue,prev_year_revenue,yoy_growth
2025,4221522.7539858185,2589102.8727631941,63.05
2024,2589102.8727631941,1665713.5715987869,55.44
2023,1665713.5715987869,1127910.4710265584,47.68
2022,1127910.4710265584,724752.49089540914,55.63
2021,724752.49089540914,381597.15050816536,89.93
2020,381597.15050816536,117556.35006523132,224.61
2019,117556.35006523132,,